"downloaded","item_id","item_definition","category","8","9","10","11","12","13","14","15","16","17","18"
2026-05-05,34,"baa baa","sounds",0.18,0.22,0.25,0.23,0.26,0.26,0.35,0.35,0.45,0.5,0.59
2026-05-05,35,"choo choo","sounds",0.02,0.02,0.02,0.02,0.05,0.06,0.08,0.16,0.27,0.31,0.37
2026-05-05,36,"cockadoodledoo","sounds",0.01,0.01,0.02,0.02,0.01,0.02,0.03,0.08,0.13,0.14,0.19
2026-05-05,37,"grrr","sounds",0.05,0.09,0.18,0.16,0.17,0.26,0.27,0.33,0.52,0.5,0.57
2026-05-05,38,"meow","sounds",0.01,0.04,0.05,0.06,0.1,0.16,0.18,0.27,0.48,0.5,0.57
2026-05-05,39,"moo","sounds",0.02,0.05,0.07,0.06,0.11,0.18,0.22,0.31,0.51,0.52,0.61
2026-05-05,40,"ouch","sounds",0.02,0.02,0.05,0.04,0.07,0.12,0.15,0.23,0.4,0.38,0.49
2026-05-05,41,"quack quack","sounds",0.02,0.03,0.03,0.06,0.06,0.16,0.18,0.28,0.42,0.4,0.48
2026-05-05,42,"uh oh","sounds",0.05,0.07,0.12,0.19,0.25,0.42,0.42,0.52,0.75,0.68,0.77
2026-05-05,43,"vroom","sounds",0.02,0.05,0.04,0.09,0.13,0.23,0.23,0.36,0.5,0.49,0.54
2026-05-05,44,"woof woof","sounds",0.02,0.03,0.05,0.09,0.16,0.29,0.31,0.42,0.6,0.58,0.67
2026-05-05,45,"yum yum","sounds",0.05,0.09,0.1,0.17,0.2,0.29,0.3,0.33,0.57,0.47,0.54
2026-05-05,46,"animal","animals",0.01,0.01,0.01,0.01,0.02,0.01,0.02,0.04,0.05,0.09,0.1
2026-05-05,47,"bear","animals",0.01,0.01,0.01,0.01,0.03,0.09,0.07,0.18,0.3,0.26,0.32
2026-05-05,48,"bee","animals",0.01,0.01,0.01,0.03,0.03,0.03,0.04,0.07,0.15,0.23,0.31
2026-05-05,49,"bird","animals",0.02,0.01,0.02,0.04,0.07,0.15,0.1,0.24,0.46,0.36,0.46
2026-05-05,50,"bug","animals",0,0.01,0.02,0.02,0.02,0.02,0.04,0.08,0.14,0.16,0.23
2026-05-05,51,"bunny","animals",0.01,0.01,0.01,0.01,0.02,0.05,0.05,0.16,0.2,0.23,0.3
2026-05-05,52,"butterfly","animals",0,0.01,0.01,0.01,0.01,0.02,0.02,0.04,0.07,0.11,0.17
2026-05-05,53,"cat","animals",0.04,0.03,0.03,0.08,0.1,0.18,0.17,0.33,0.41,0.4,0.47
2026-05-05,54,"chicken (animal)","animals",0.01,0,0.01,0.01,0.02,0.02,0.03,0.06,0.08,0.15,0.17
2026-05-05,55,"cow","animals",0.01,0.01,0.01,0.03,0.03,0.04,0.05,0.13,0.2,0.24,0.3
2026-05-05,56,"deer","animals",0.01,0,0.01,0.01,0.01,0.01,0.02,0.03,0.04,0.07,0.08
2026-05-05,57,"dog","animals",0.04,0.03,0.08,0.15,0.18,0.35,0.3,0.47,0.63,0.56,0.65
2026-05-05,58,"donkey","animals",0.01,0,0.01,0.02,0.01,0.01,0.02,0.01,0.02,0.05,0.06
2026-05-05,59,"duck","animals",0.02,0.01,0.03,0.06,0.07,0.19,0.14,0.27,0.43,0.38,0.49
2026-05-05,60,"elephant","animals",0.01,0,0.01,0.02,0.01,0.02,0.02,0.06,0.07,0.13,0.17
2026-05-05,61,"fish (animal)","animals",0.02,0.01,0.01,0.03,0.04,0.09,0.1,0.2,0.27,0.28,0.39
2026-05-05,62,"frog","animals",0.01,0,0.01,0.02,0.01,0.02,0.02,0.07,0.09,0.13,0.2
2026-05-05,63,"giraffe","animals",0.01,0,0.01,0.01,0.01,0.01,0.02,0.04,0.06,0.11,0.15
2026-05-05,64,"goose","animals",0.01,0,0.01,0.01,0.01,0.01,0.01,0.03,0.04,0.07,0.11
2026-05-05,65,"horse","animals",0.01,0,0,0.03,0.02,0.04,0.04,0.12,0.16,0.19,0.24
2026-05-05,66,"kitty","animals",0.02,0.03,0.04,0.07,0.08,0.19,0.14,0.24,0.41,0.32,0.33
2026-05-05,67,"lamb","animals",0.01,0,0.01,0.02,0.01,0.01,0.02,0.03,0.03,0.06,0.08
2026-05-05,68,"lion","animals",0.02,0.01,0.02,0.01,0.02,0.01,0.02,0.07,0.08,0.13,0.17
2026-05-05,69,"monkey","animals",0.01,0.01,0.01,0.03,0.02,0.02,0.03,0.11,0.11,0.2,0.22
2026-05-05,70,"mouse","animals",0.01,0,0.01,0.02,0.02,0.01,0.02,0.06,0.07,0.12,0.15
2026-05-05,71,"owl","animals",0.01,0.01,0.01,0.01,0.02,0.02,0.03,0.05,0.11,0.19,0.24
2026-05-05,72,"penguin","animals",0.01,0,0.01,0.01,0.01,0,0.01,0.02,0.01,0.08,0.1
2026-05-05,73,"pig","animals",0.01,0,0.02,0.01,0.03,0.04,0.03,0.1,0.15,0.18,0.23
2026-05-05,74,"pony","animals",0.01,0.01,0.01,0.01,0.01,0.01,0.02,0.04,0.03,0.05,0.06
2026-05-05,75,"puppy","animals",0.01,0.01,0.02,0.04,0.05,0.05,0.07,0.15,0.18,0.28,0.3
2026-05-05,76,"sheep","animals",0.01,0,0.01,0.01,0.02,0.01,0.04,0.06,0.07,0.15,0.19
2026-05-05,77,"squirrel","animals",0.01,0,0,0.01,0.01,0.02,0.02,0.04,0.04,0.09,0.11
2026-05-05,78,"teddybear","animals",0.01,0,0.01,0.02,0.03,0.05,0.05,0.12,0.16,0.16,0.2
2026-05-05,79,"tiger","animals",0.01,0.01,0.01,0.01,0.01,0.02,0.04,0.05,0.07,0.1,0.14
2026-05-05,80,"turkey","animals",0.01,0.01,0.01,0.01,0.01,0.01,0.02,0.02,0.03,0.06,0.06
2026-05-05,81,"turtle","animals",0.01,0.01,0.01,0.01,0.02,0.02,0.03,0.05,0.1,0.16,0.23
2026-05-05,82,"airplane","vehicles",0.01,0,0.01,0.03,0.03,0.04,0.04,0.1,0.22,0.2,0.3
2026-05-05,83,"bicycle","vehicles",0.01,0,0.01,0.02,0.02,0.02,0.03,0.08,0.12,0.15,0.22
2026-05-05,84,"bus","vehicles",0.02,0.01,0.02,0.02,0.04,0.03,0.06,0.1,0.14,0.24,0.33
2026-05-05,85,"car","vehicles",0.03,0.01,0.02,0.03,0.06,0.1,0.14,0.22,0.34,0.37,0.51
2026-05-05,86,"firetruck","vehicles",0.01,0.01,0,0.03,0.02,0.01,0.02,0.06,0.04,0.08,0.14
2026-05-05,87,"motorcycle","vehicles",0.01,0,0,0.02,0.02,0,0.02,0.03,0.02,0.06,0.09
2026-05-05,88,"stroller","vehicles",0.01,0.01,0.01,0.01,0.01,0.01,0.02,0.05,0.06,0.1,0.14
2026-05-05,89,"train","vehicles",0.02,0.01,0.02,0.02,0.02,0.02,0.02,0.09,0.12,0.19,0.23
2026-05-05,90,"truck","vehicles",0.01,0,0,0.03,0.04,0.05,0.06,0.18,0.25,0.26,0.37
2026-05-05,91,"ball","toys",0.04,0.03,0.08,0.14,0.2,0.36,0.4,0.51,0.72,0.71,0.76
2026-05-05,92,"balloon","toys",0,0,0.02,0.04,0.07,0.16,0.14,0.26,0.44,0.36,0.45
2026-05-05,93,"block","toys",0.01,0.01,0.03,0.02,0.03,0.05,0.04,0.13,0.19,0.22,0.25
2026-05-05,94,"book","toys",0.02,0.02,0.03,0.09,0.11,0.19,0.23,0.32,0.51,0.49,0.61
2026-05-05,95,"bubbles","toys",0.01,0,0.02,0.05,0.06,0.08,0.09,0.18,0.36,0.38,0.51
2026-05-05,96,"doll","toys",0.02,0.01,0.03,0.03,0.03,0.06,0.07,0.13,0.17,0.16,0.25
2026-05-05,97,"pen","toys",0.01,0,0.01,0.02,0.02,0.01,0.03,0.05,0.05,0.07,0.12
2026-05-05,98,"toy (object)","toys",0.01,0.01,0.04,0.03,0.03,0.02,0.04,0.1,0.1,0.14,0.16
2026-05-05,99,"apple","food_drink",0,0.01,0.01,0.05,0.03,0.07,0.13,0.18,0.31,0.37,0.52
2026-05-05,100,"banana","food_drink",0.02,0.04,0.03,0.09,0.13,0.21,0.23,0.29,0.51,0.53,0.64
2026-05-05,101,"bread","food_drink",0.01,0.01,0.01,0.02,0.02,0.03,0.04,0.09,0.14,0.18,0.24
2026-05-05,102,"butter","food_drink",0.01,0.01,0,0.02,0.01,0.01,0.02,0.02,0.04,0.05,0.08
2026-05-05,103,"cake","food_drink",0.01,0.01,0.02,0.03,0.02,0.02,0.04,0.07,0.08,0.1,0.13
2026-05-05,104,"candy","food_drink",0.02,0.01,0.01,0.01,0.02,0.01,0.02,0.06,0.07,0.08,0.09
2026-05-05,105,"carrots","food_drink",0.01,0.01,0,0.01,0.01,0.01,0.02,0.05,0.06,0.11,0.12
2026-05-05,106,"cereal","food_drink",0,0.01,0.01,0.02,0.02,0.02,0.04,0.08,0.1,0.11,0.14
2026-05-05,107,"cheerios","food_drink",0.01,0.01,0.01,0.03,0.02,0.04,0.06,0.11,0.14,0.17,0.21
2026-05-05,108,"cheese","food_drink",0.01,0.01,0.01,0.03,0.06,0.09,0.09,0.2,0.35,0.42,0.48
2026-05-05,109,"chicken (food)","food_drink",0.01,0.01,0,0.02,0.01,0.02,0.04,0.09,0.08,0.12,0.17
2026-05-05,110,"coffee","food_drink",0.01,0,0.01,0.01,0.01,0.01,0.03,0.03,0.04,0.1,0.15
2026-05-05,111,"cookie","food_drink",0.02,0.02,0.03,0.04,0.04,0.09,0.09,0.2,0.34,0.29,0.37
2026-05-05,112,"cracker","food_drink",0.01,0.01,0.02,0.03,0.04,0.09,0.07,0.21,0.32,0.33,0.37
2026-05-05,113,"drink (beverage)","food_drink",0.02,0.01,0.01,0.03,0.03,0.06,0.07,0.11,0.19,0.18,0.25
2026-05-05,114,"egg","food_drink",0,0,0.01,0.02,0.02,0.02,0.04,0.09,0.1,0.2,0.23
2026-05-05,115,"fish (food)","food_drink",0.01,0,0.01,0.02,0.01,0.03,0.03,0.07,0.13,0.13,0.16
2026-05-05,116,"food","food_drink",0.01,0.01,0.01,0.02,0.03,0.02,0.04,0.07,0.08,0.16,0.19
2026-05-05,117,"ice cream","food_drink",0.01,0,0.01,0.02,0.02,0.02,0.02,0.06,0.09,0.1,0.13
2026-05-05,118,"juice","food_drink",0.02,0.01,0.02,0.04,0.04,0.1,0.09,0.22,0.42,0.28,0.28
2026-05-05,119,"meat","food_drink",0,0,0,0.01,0.01,0.01,0.02,0.04,0.04,0.05,0.06
2026-05-05,120,"milk","food_drink",0.03,0.01,0.02,0.05,0.09,0.1,0.15,0.23,0.32,0.4,0.49
2026-05-05,121,"noodles","food_drink",0.01,0,0.01,0.02,0.01,0.02,0.02,0.04,0.08,0.13,0.2
2026-05-05,122,"orange (food)","food_drink",0.02,0,0.01,0.02,0.02,0.01,0.03,0.06,0.08,0.17,0.17
2026-05-05,123,"peas","food_drink",0.01,0,0,0.02,0.01,0.02,0.02,0.07,0.12,0.14,0.2
2026-05-05,124,"pizza","food_drink",0.01,0,0.01,0.02,0.01,0.01,0.02,0.05,0.09,0.16,0.19
2026-05-05,125,"raisin","food_drink",0.01,0,0,0.01,0.01,0.01,0.02,0.03,0.04,0.1,0.08
2026-05-05,126,"spaghetti","food_drink",0.02,0,0.01,0.02,0.01,0.01,0.02,0.04,0.05,0.08,0.09
2026-05-05,127,"toast","food_drink",0,0,0,0.02,0.01,0.02,0.04,0.07,0.09,0.13,0.2
2026-05-05,128,"water (beverage)","food_drink",0.01,0.01,0.03,0.05,0.08,0.09,0.13,0.22,0.3,0.37,0.48
2026-05-05,129,"beads","clothing",0,0,0,0.01,0.01,0.01,0.01,0.02,0.05,0.03,0.03
2026-05-05,130,"bib","clothing",0,0.01,0,0.02,0.01,0.02,0.02,0.08,0.14,0.13,0.2
2026-05-05,131,"boots","clothing",0,0,0.01,0.02,0.01,0.02,0.04,0.07,0.08,0.22,0.33
2026-05-05,132,"button","clothing",0.01,0,0,0.02,0.02,0.04,0.04,0.08,0.17,0.15,0.2
2026-05-05,133,"coat","clothing",0,0.01,0,0.02,0.01,0.02,0.04,0.05,0.08,0.12,0.19
2026-05-05,134,"diaper","clothing",0.01,0.01,0.01,0.02,0.05,0.07,0.07,0.13,0.27,0.24,0.3
2026-05-05,135,"dress (object)","clothing",0.01,0,0.01,0.01,0.01,0.01,0.02,0.04,0.05,0.05,0.07
2026-05-05,136,"hat","clothing",0.02,0,0.01,0.03,0.05,0.07,0.11,0.19,0.31,0.35,0.46
2026-05-05,137,"jacket","clothing",0,0,0,0.01,0.01,0.01,0.02,0.05,0.06,0.11,0.16
2026-05-05,138,"jeans","clothing",0,0,0.01,0.01,0.01,0,0.02,0.03,0.02,0.03,0.04
2026-05-05,139,"necklace","clothing",0.01,0,0,0.01,0,0.01,0.01,0.04,0.04,0.05,0.07
2026-05-05,140,"pajamas","clothing",0.02,0,0,0.02,0.01,0.01,0.03,0.07,0.05,0.09,0.13
2026-05-05,141,"pants","clothing",0.01,0,0.01,0.01,0.01,0.01,0.03,0.04,0.07,0.13,0.23
2026-05-05,142,"shirt","clothing",0,0.01,0.01,0.02,0.02,0.01,0.04,0.08,0.09,0.14,0.18
2026-05-05,143,"shoe","clothing",0.02,0,0.01,0.04,0.05,0.12,0.12,0.29,0.46,0.44,0.52
2026-05-05,144,"shorts","clothing",0.01,0,0.01,0.01,0.01,0.01,0.02,0.05,0.04,0.05,0.05
2026-05-05,145,"sock","clothing",0.01,0,0,0.03,0.03,0.07,0.07,0.18,0.31,0.31,0.42
2026-05-05,146,"sweater","clothing",0.01,0,0.01,0.02,0.01,0,0.01,0.02,0.03,0.05,0.05
2026-05-05,147,"zipper","clothing",0.01,0,0.01,0.02,0.01,0.01,0.02,0.03,0.03,0.07,0.09
2026-05-05,148,"arm","body_parts",0,0.01,0.01,0.01,0.02,0.02,0.03,0.05,0.08,0.12,0.18
2026-05-05,149,"belly button","body_parts",0.01,0,0,0.03,0.02,0.04,0.07,0.13,0.21,0.23,0.32
2026-05-05,150,"cheek","body_parts",0.01,0,0.01,0.02,0.01,0.01,0.03,0.04,0.06,0.12,0.14
2026-05-05,151,"ear","body_parts",0.01,0,0.01,0.02,0.03,0.04,0.08,0.15,0.27,0.26,0.36
2026-05-05,152,"eye","body_parts",0.02,0.01,0.03,0.03,0.04,0.09,0.09,0.2,0.43,0.36,0.46
2026-05-05,153,"face","body_parts",0,0.01,0.01,0.03,0.01,0.01,0.02,0.05,0.05,0.08,0.1
2026-05-05,154,"foot","body_parts",0.02,0,0.01,0.03,0.02,0.03,0.04,0.11,0.17,0.23,0.29
2026-05-05,155,"finger","body_parts",0.02,0,0.01,0.02,0.02,0.01,0.02,0.06,0.06,0.09,0.11
2026-05-05,156,"hair","body_parts",0.01,0,0.01,0.02,0.02,0.04,0.06,0.11,0.21,0.22,0.33
2026-05-05,157,"hand","body_parts",0.01,0.01,0.02,0.02,0.02,0.03,0.03,0.07,0.12,0.15,0.22
2026-05-05,158,"head","body_parts",0.01,0.01,0.01,0.02,0.03,0.02,0.04,0.08,0.12,0.17,0.23
2026-05-05,159,"knee","body_parts",0.01,0,0.01,0.02,0.01,0.02,0.02,0.06,0.1,0.13,0.18
2026-05-05,160,"leg","body_parts",0,0.01,0.01,0.02,0.02,0.01,0.02,0.04,0.05,0.08,0.1
2026-05-05,161,"mouth","body_parts",0,0.01,0.01,0.02,0.03,0.04,0.06,0.13,0.17,0.22,0.27
2026-05-05,162,"nose","body_parts",0,0.01,0.02,0.03,0.04,0.07,0.12,0.21,0.38,0.35,0.46
2026-05-05,163,"owie/boo boo","body_parts",0.02,0.03,0.03,0.03,0.06,0.06,0.08,0.15,0.28,0.32,0.37
2026-05-05,164,"tooth","body_parts",0,0.01,0.01,0.02,0.02,0.02,0.03,0.12,0.18,0.23,0.27
2026-05-05,165,"toe","body_parts",0.01,0.01,0.01,0.02,0.02,0.03,0.05,0.12,0.17,0.19,0.27
2026-05-05,166,"tongue","body_parts",0,0.01,0,0.01,0.01,0.01,0.02,0.06,0.05,0.09,0.11
2026-05-05,167,"tummy","body_parts",0.01,0.01,0.01,0.03,0.02,0.02,0.04,0.09,0.12,0.16,0.2
2026-05-05,168,"bathroom","furniture_rooms",0,0.01,0,0.02,0.01,0.01,0.02,0.05,0.03,0.07,0.08
2026-05-05,169,"bathtub","furniture_rooms",0,0.01,0.01,0.03,0.03,0.04,0.07,0.1,0.17,0.17,0.24
2026-05-05,170,"bed","furniture_rooms",0,0.02,0.02,0.03,0.03,0.03,0.04,0.09,0.1,0.17,0.22
2026-05-05,171,"bedroom","furniture_rooms",0.01,0.01,0,0.02,0.01,0,0.01,0.04,0.03,0.04,0.05
2026-05-05,172,"chair","furniture_rooms",0.01,0.01,0.01,0.02,0.01,0.02,0.02,0.09,0.13,0.16,0.24
2026-05-05,173,"couch","furniture_rooms",0.01,0,0,0.02,0.01,0.01,0.01,0.04,0.03,0.08,0.12
2026-05-05,174,"crib","furniture_rooms",0.01,0.01,0.01,0.02,0.01,0.01,0.01,0.04,0.03,0.06,0.05
2026-05-05,175,"door","furniture_rooms",0.01,0,0.01,0.03,0.03,0.04,0.04,0.11,0.22,0.2,0.23
2026-05-05,176,"drawer","furniture_rooms",0.01,0,0,0.01,0.01,0,0.01,0.02,0.02,0.03,0.04
2026-05-05,177,"garage","furniture_rooms",0.01,0.01,0,0.01,0.01,0.01,0.01,0.02,0.01,0.03,0.04
2026-05-05,178,"high chair","furniture_rooms",0.01,0.01,0.01,0.02,0.01,0.01,0.01,0.03,0.05,0.06,0.09
2026-05-05,179,"kitchen","furniture_rooms",0,0.01,0,0.02,0.01,0.01,0.02,0.03,0.04,0.05,0.07
2026-05-05,180,"living room","furniture_rooms",0,0.01,0.01,0.02,0.01,0,0.01,0.02,0.01,0.03,0.02
2026-05-05,181,"oven","furniture_rooms",0,0.01,0,0.02,0.01,0,0.01,0.02,0.02,0.04,0.04
2026-05-05,182,"play pen","furniture_rooms",0,0.01,0,0.02,0.01,0.01,0.01,0.02,0.01,0.02,0.02
2026-05-05,183,"potty","furniture_rooms",0.01,0.01,0.01,0.02,0.03,0.01,0.03,0.07,0.1,0.12,0.23
2026-05-05,184,"refrigerator","furniture_rooms",0,0,0,0.02,0.01,0.01,0.02,0.03,0.02,0.04,0.04
2026-05-05,185,"rocking chair","furniture_rooms",0.01,0,0.01,0.02,0.01,0.01,0.01,0.02,0.04,0.04,0.05
2026-05-05,186,"sink","furniture_rooms",0.01,0,0.01,0.02,0.01,0.01,0.01,0.04,0.02,0.05,0.05
2026-05-05,187,"stairs","furniture_rooms",0.01,0.01,0,0.01,0.01,0.01,0.02,0.04,0.06,0.1,0.12
2026-05-05,188,"stove","furniture_rooms",0.01,0.01,0,0.01,0.01,0,0.01,0.04,0.02,0.03,0.03
2026-05-05,189,"table","furniture_rooms",0.01,0,0.02,0.01,0.01,0.01,0.01,0.05,0.04,0.09,0.11
2026-05-05,190,"TV","furniture_rooms",0.02,0.01,0.01,0.02,0.02,0.02,0.02,0.09,0.11,0.11,0.12
2026-05-05,191,"window","furniture_rooms",0.01,0,0.01,0.02,0.02,0.01,0.02,0.06,0.05,0.08,0.07
2026-05-05,192,"blanket","household",0,0.01,0.01,0.02,0.03,0.04,0.05,0.1,0.16,0.16,0.22
2026-05-05,193,"bottle","household",0.03,0.05,0.1,0.1,0.1,0.22,0.17,0.29,0.41,0.33,0.41
2026-05-05,194,"bowl","household",0,0,0.01,0.02,0.02,0.02,0.04,0.09,0.11,0.16,0.21
2026-05-05,195,"box","household",0.01,0,0.01,0.02,0.02,0.03,0.04,0.08,0.1,0.14,0.13
2026-05-05,196,"broom","household",0.01,0,0,0.02,0.01,0.02,0.02,0.09,0.09,0.07,0.1
2026-05-05,197,"brush","household",0.01,0.01,0.01,0.03,0.02,0.04,0.03,0.1,0.16,0.15,0.2
2026-05-05,198,"clock","household",0.01,0,0.01,0.02,0.01,0.03,0.02,0.07,0.13,0.12,0.14
2026-05-05,199,"comb","household",0,0,0,0.02,0.01,0.01,0.02,0.04,0.05,0.07,0.06
2026-05-05,200,"cup","household",0.01,0.01,0.01,0.04,0.04,0.06,0.06,0.13,0.21,0.24,0.26
2026-05-05,201,"dish","household",0,0.01,0.01,0.01,0.01,0.01,0.01,0.04,0.03,0.03,0.04
2026-05-05,202,"fork","household",0,0,0,0.01,0.01,0.01,0.03,0.06,0.07,0.13,0.18
2026-05-05,203,"glass","household",0.01,0.01,0.01,0.01,0.01,0.01,0.02,0.04,0.03,0.05,0.04
2026-05-05,204,"glasses","household",0.01,0,0.01,0.01,0.01,0.02,0.02,0.08,0.09,0.09,0.14
2026-05-05,205,"hammer","household",0.01,0,0,0.02,0.01,0,0.01,0.04,0.04,0.04,0.06
2026-05-05,206,"keys","household",0.01,0.01,0.01,0.02,0.03,0.06,0.07,0.18,0.32,0.25,0.34
2026-05-05,207,"lamp","household",0.01,0,0.01,0.01,0.01,0,0.02,0.03,0.02,0.03,0.04
2026-05-05,208,"light","household",0,0.01,0,0.02,0.03,0.07,0.05,0.14,0.23,0.24,0.26
2026-05-05,209,"medicine","household",0,0,0,0.01,0.01,0.01,0.01,0.03,0.04,0.04,0.08
2026-05-05,210,"money","household",0,0,0.01,0.02,0.01,0.01,0.02,0.05,0.06,0.06,0.09
2026-05-05,211,"paper","household",0.01,0,0.01,0.01,0.01,0.02,0.02,0.06,0.08,0.07,0.11
2026-05-05,212,"penny","household",0.01,0.01,0,0.02,0.01,0.01,0.02,0.03,0.01,0.02,0.02
2026-05-05,213,"picture","household",0.01,0,0,0.02,0.02,0.01,0.02,0.04,0.04,0.07,0.06
2026-05-05,214,"pillow","household",0.01,0,0.01,0.02,0.01,0.02,0.02,0.06,0.09,0.09,0.12
2026-05-05,215,"plant","household",0.01,0,0,0.03,0.01,0.01,0.02,0.04,0.03,0.04,0.07
2026-05-05,216,"plate","household",0,0,0.01,0.02,0.01,0.01,0.01,0.04,0.03,0.07,0.09
2026-05-05,217,"purse","household",0.01,0.01,0.01,0.01,0.01,0.01,0.02,0.04,0.05,0.05,0.09
2026-05-05,218,"radio","household",0.01,0.01,0,0.02,0.01,0,0.01,0.02,0.01,0.03,0.03
2026-05-05,219,"scissors","household",0.01,0,0,0.02,0.01,0,0.01,0.02,0.01,0.02,0.03
2026-05-05,220,"soap","household",0,0,0.02,0.02,0.01,0.01,0.02,0.04,0.07,0.11,0.11
2026-05-05,221,"spoon","household",0,0.01,0.01,0.02,0.02,0.03,0.05,0.12,0.19,0.22,0.28
2026-05-05,222,"telephone","household",0,0.01,0.01,0.01,0.02,0.03,0.04,0.13,0.15,0.17,0.23
2026-05-05,223,"toothbrush","household",0,0.01,0.01,0.02,0.01,0.02,0.02,0.1,0.12,0.16,0.21
2026-05-05,224,"towel","household",0,0,0.01,0.01,0.01,0.01,0.01,0.04,0.06,0.09,0.11
2026-05-05,225,"trash","household",0,0.01,0.01,0.02,0.01,0.02,0.02,0.05,0.07,0.1,0.12
2026-05-05,226,"vacuum","household",0.01,0,0,0.02,0.01,0.01,0.02,0.03,0.05,0.07,0.09
2026-05-05,227,"watch (object)","household",0,0.01,0,0.01,0.01,0.01,0.01,0.05,0.07,0.08,0.08
2026-05-05,228,"backyard","outside",0,0,0,0.01,0.01,0.01,0.01,0.03,0.03,0.03,0.04
2026-05-05,229,"beach","outside",0.01,0.01,0,0.01,0.01,0.01,0.02,0.02,0.04,0.03,0.07
2026-05-05,230,"church*","outside",0,0,0,0.01,0.01,0.01,0.02,0.04,0.02,0.02,0.04
2026-05-05,231,"flower","outside",0.01,0,0.02,0.02,0.02,0.04,0.04,0.11,0.18,0.19,0.24
2026-05-05,232,"garden","outside",0.01,0,0,0.01,0.01,0,0.01,0.02,0.01,0.02,0.04
2026-05-05,233,"home","outside",0,0.01,0.02,0.02,0.02,0.02,0.03,0.06,0.08,0.1,0.16
2026-05-05,234,"house","outside",0,0,0.01,0.01,0.01,0.02,0.03,0.06,0.08,0.09,0.1
2026-05-05,235,"moon","outside",0.01,0.01,0.01,0.02,0.03,0.03,0.04,0.07,0.2,0.2,0.26
2026-05-05,236,"outside","outside",0.01,0,0,0.03,0.03,0.06,0.05,0.14,0.21,0.22,0.28
2026-05-05,237,"park","outside",0,0.01,0.01,0.02,0.02,0.01,0.02,0.05,0.07,0.13,0.18
2026-05-05,238,"party","outside",0.01,0.01,0.01,0.01,0.01,0,0.01,0.03,0.01,0.02,0.04
2026-05-05,239,"pool","outside",0.01,0.01,0.01,0.01,0.02,0.02,0.02,0.07,0.08,0.1,0.11
2026-05-05,240,"rain","outside",0.01,0,0.01,0.02,0.01,0.01,0.02,0.05,0.06,0.1,0.13
2026-05-05,241,"rock","outside",0.01,0,0,0.02,0.02,0.01,0.03,0.07,0.11,0.16,0.21
2026-05-05,242,"school","outside",0.01,0,0.01,0.02,0.01,0,0.01,0.04,0.03,0.03,0.06
2026-05-05,243,"shovel","outside",0,0,0,0.02,0.01,0,0.01,0.02,0.03,0.04,0.05
2026-05-05,244,"sky","outside",0,0.01,0.01,0.01,0.02,0.01,0.02,0.04,0.06,0.06,0.07
2026-05-05,245,"slide (object)","outside",0,0.01,0,0.02,0.01,0.01,0.01,0.07,0.08,0.12,0.17
2026-05-05,246,"snow","outside",0.01,0,0.01,0.02,0.01,0.01,0.01,0.02,0.03,0.06,0.08
2026-05-05,247,"star","outside",0,0,0.01,0.01,0.01,0.01,0.03,0.05,0.1,0.14,0.2
2026-05-05,248,"store","outside",0,0.01,0,0.01,0.01,0.01,0.02,0.03,0.04,0.06,0.07
2026-05-05,249,"sun","outside",0,0,0.01,0.01,0.02,0.01,0.02,0.05,0.05,0.1,0.14
2026-05-05,250,"swing (object)","outside",0,0,0,0.01,0.01,0.01,0.02,0.04,0.11,0.14,0.18
2026-05-05,251,"tree","outside",0,0.01,0.01,0.03,0.03,0.04,0.06,0.11,0.2,0.21,0.27
2026-05-05,252,"water (not beverage)","outside",0,0.01,0.01,0.02,0.03,0.05,0.06,0.12,0.23,0.23,0.27
2026-05-05,253,"work (place)","outside",0,0.01,0,0.01,0.01,0.01,0.01,0.04,0.05,0.06,0.09
2026-05-05,254,"zoo","outside",0.01,0.01,0.01,0.02,0.01,0.01,0.02,0.02,0.02,0.03,0.04
2026-05-05,255,"aunt","people",0,0.01,0.01,0.02,0.02,0.02,0.04,0.08,0.06,0.09,0.11
2026-05-05,256,"baby","people",0.01,0.03,0.06,0.08,0.11,0.21,0.2,0.33,0.53,0.44,0.58
2026-05-05,257,"babysitter","people",0,0,0,0.01,0.01,0.01,0,0.02,0.01,0,0.02
2026-05-05,258,"babysitter's name","people",0,0,0.02,0.02,0.02,0.06,0.04,0.07,0.17,0.11,0.12
2026-05-05,259,"boy","people",0,0.01,0.01,0.02,0.02,0.02,0.01,0.07,0.07,0.04,0.09
2026-05-05,260,"brother","people",0,0.01,0.03,0.04,0.04,0.04,0.05,0.09,0.08,0.09,0.07
2026-05-05,261,"child","people",0,0,0,0.01,0.01,0.01,0.01,0.03,0.01,0.02,0.03
2026-05-05,262,"daddy*","people",0.16,0.23,0.38,0.44,0.49,0.64,0.56,0.65,0.82,0.71,0.81
2026-05-05,263,"girl","people",0,0.01,0.01,0.01,0.02,0.02,0.02,0.05,0.07,0.05,0.09
2026-05-05,264,"grandma*","people",0.03,0.03,0.09,0.08,0.12,0.17,0.2,0.23,0.38,0.4,0.51
2026-05-05,265,"grandpa*","people",0.02,0.03,0.06,0.06,0.07,0.14,0.15,0.17,0.32,0.36,0.42
2026-05-05,266,"lady","people",0,0.01,0.01,0.01,0.01,0,0.01,0.02,0.03,0.02,0.04
2026-05-05,267,"man","people",0,0.01,0.01,0.01,0.01,0.01,0.01,0.04,0.04,0.03,0.06
2026-05-05,268,"mommy*","people",0.15,0.22,0.41,0.43,0.48,0.63,0.56,0.64,0.82,0.76,0.8
2026-05-05,269,"child's own name","people",0.01,0.01,0.02,0.04,0.06,0.08,0.1,0.14,0.23,0.24,0.35
2026-05-05,270,"people","people",0,0.01,0,0.01,0.01,0,0.01,0.04,0.02,0.03,0.05
2026-05-05,271,"person","people",0,0.01,0.01,0.01,0.01,0,0,0.02,0.01,0.01,0.02
2026-05-05,272,"sister","people",0,0.02,0.01,0.03,0.03,0.05,0.05,0.08,0.08,0.06,0.11
2026-05-05,273,"teacher","people",0,0,0.01,0.01,0.01,0.01,0.01,0.03,0.01,0.03,0.04
2026-05-05,274,"uncle","people",0,0,0.02,0.01,0.02,0.01,0.03,0.04,0.03,0.08,0.1
2026-05-05,275,"bath","games_routines",0,0.02,0.03,0.04,0.07,0.12,0.11,0.22,0.35,0.35,0.42
2026-05-05,276,"breakfast","games_routines",0,0.01,0,0.01,0.01,0.01,0.02,0.05,0.05,0.08,0.12
2026-05-05,277,"bye","games_routines",0.05,0.11,0.2,0.21,0.29,0.45,0.44,0.59,0.73,0.68,0.78
2026-05-05,278,"dinner","games_routines",0,0.01,0,0.02,0.01,0.01,0.01,0.04,0.05,0.08,0.12
2026-05-05,279,"don't","games_routines",0,0.01,0.03,0.01,0.03,0.03,0.04,0.07,0.1,0.1,0.13
2026-05-05,280,"hello","games_routines",0,0.01,0.04,0.04,0.06,0.1,0.15,0.2,0.24,0.28,0.34
2026-05-05,281,"hi","games_routines",0.05,0.1,0.16,0.22,0.25,0.38,0.38,0.52,0.65,0.62,0.72
2026-05-05,282,"lunch","games_routines",0,0.01,0.01,0.01,0.01,0.01,0.02,0.05,0.04,0.06,0.08
2026-05-05,283,"nap","games_routines",0.01,0.01,0.01,0.01,0.02,0.02,0.04,0.08,0.08,0.12,0.18
2026-05-05,284,"night night","games_routines",0.02,0.03,0.05,0.04,0.08,0.15,0.14,0.24,0.4,0.38,0.43
2026-05-05,285,"no","games_routines",0.02,0.04,0.1,0.1,0.17,0.28,0.33,0.44,0.62,0.6,0.7
2026-05-05,286,"pattycake","games_routines",0,0.01,0.01,0.03,0.03,0.04,0.02,0.09,0.07,0.05,0.07
2026-05-05,287,"peekaboo","games_routines",0.01,0.03,0.03,0.05,0.08,0.11,0.1,0.22,0.31,0.35,0.42
2026-05-05,288,"please","games_routines",0.01,0.01,0.01,0.02,0.03,0.05,0.08,0.16,0.25,0.34,0.42
2026-05-05,289,"shh/shush/hush","games_routines",0.02,0.03,0.04,0.05,0.08,0.08,0.11,0.19,0.29,0.32,0.41
2026-05-05,290,"thank you","games_routines",0.01,0.01,0.04,0.04,0.07,0.13,0.16,0.24,0.37,0.35,0.44
2026-05-05,291,"wait","games_routines",0,0.01,0,0.01,0.01,0.01,0.01,0.03,0.03,0.06,0.07
2026-05-05,292,"wanna/want to","games_routines",0,0.01,0,0.02,0.02,0.01,0.02,0.05,0.06,0.08,0.09
2026-05-05,293,"yes","games_routines",0.02,0.02,0.04,0.04,0.08,0.12,0.16,0.23,0.32,0.39,0.49
2026-05-05,294,"bite","action_words",0,0,0.01,0.02,0.02,0.02,0.04,0.08,0.11,0.1,0.13
2026-05-05,295,"blow","action_words",0,0,0,0.02,0.01,0.01,0.03,0.05,0.07,0.05,0.1
2026-05-05,296,"break","action_words",0,0,0,0.01,0.01,0,0.01,0.03,0.02,0.02,0.04
2026-05-05,297,"bring","action_words",0,0.01,0,0.02,0.01,0.01,0.01,0.04,0.01,0.02,0.04
2026-05-05,298,"bump","action_words",0,0,0.01,0.01,0.01,0.01,0.02,0.08,0.06,0.07,0.11
2026-05-05,299,"clean (action)","action_words",0,0,0,0.02,0.01,0,0.01,0.04,0.03,0.06,0.11
2026-05-05,300,"close","action_words",0,0,0.01,0.02,0.01,0.01,0.02,0.06,0.07,0.09,0.11
2026-05-05,301,"cry","action_words",0.01,0,0.01,0.02,0.01,0.01,0.03,0.05,0.03,0.05,0.08
2026-05-05,302,"dance","action_words",0,0,0.01,0.01,0.01,0.02,0.03,0.06,0.07,0.1,0.15
2026-05-05,303,"draw","action_words",0,0.01,0.01,0.01,0,0.01,0.02,0.03,0.02,0.04,0.07
2026-05-05,304,"drink (action)","action_words",0,0,0.02,0.03,0.02,0.03,0.04,0.07,0.14,0.12,0.13
2026-05-05,305,"drive","action_words",0,0.01,0,0.01,0.01,0,0.01,0.04,0.02,0.04,0.05
2026-05-05,306,"eat","action_words",0.02,0,0.01,0.04,0.04,0.03,0.07,0.13,0.14,0.2,0.23
2026-05-05,307,"fall","action_words",0,0,0,0.02,0.01,0.01,0.02,0.04,0.03,0.06,0.08
2026-05-05,308,"feed","action_words",0,0.01,0.01,0.02,0.01,0.01,0.02,0.03,0.01,0.03,0.02
2026-05-05,309,"finish","action_words",0,0,0.01,0.02,0.01,0.01,0.04,0.05,0.02,0.06,0.1
2026-05-05,310,"get","action_words",0,0,0.01,0.03,0.01,0.01,0.02,0.04,0.04,0.06,0.05
2026-05-05,311,"give","action_words",0,0.01,0.01,0.02,0.02,0.01,0.02,0.03,0.02,0.02,0.03
2026-05-05,312,"go","action_words",0,0.02,0.03,0.03,0.04,0.06,0.08,0.15,0.2,0.21,0.31
2026-05-05,313,"help","action_words",0,0.01,0.01,0.02,0.01,0.01,0.03,0.08,0.06,0.17,0.23
2026-05-05,314,"hit","action_words",0,0,0.01,0.02,0.01,0.01,0.02,0.03,0.02,0.05,0.04
2026-05-05,315,"hug","action_words",0.01,0,0.01,0.02,0.02,0.02,0.04,0.07,0.09,0.14,0.21
2026-05-05,316,"hurry","action_words",0,0,0.01,0.01,0.01,0,0.01,0.03,0.02,0.03,0.03
2026-05-05,317,"jump","action_words",0,0.01,0.01,0.02,0.01,0.01,0.02,0.07,0.06,0.11,0.15
2026-05-05,318,"kick","action_words",0.01,0.01,0.01,0.01,0.01,0.01,0.02,0.05,0.04,0.08,0.11
2026-05-05,319,"kiss","action_words",0.01,0,0.02,0.03,0.02,0.03,0.05,0.08,0.11,0.16,0.21
2026-05-05,320,"look","action_words",0,0,0.01,0.02,0.02,0.02,0.04,0.04,0.05,0.07,0.1
2026-05-05,321,"love","action_words",0,0,0.02,0.02,0.02,0.01,0.04,0.07,0.09,0.08,0.12
2026-05-05,322,"open","action_words",0,0,0.01,0.02,0.02,0.01,0.03,0.07,0.11,0.15,0.22
2026-05-05,323,"play","action_words",0,0,0.01,0.02,0.01,0.01,0.03,0.06,0.05,0.1,0.12
2026-05-05,324,"pull","action_words",0,0,0.01,0.01,0.01,0.01,0.02,0.03,0.02,0.03,0.04
2026-05-05,325,"push","action_words",0,0.01,0.01,0.01,0.01,0.01,0.02,0.04,0.04,0.07,0.07
2026-05-05,326,"put","action_words",0,0.01,0.01,0.01,0.01,0,0.02,0.03,0.01,0.03,0.03
2026-05-05,327,"read","action_words",0,0,0,0.01,0.01,0.02,0.02,0.08,0.08,0.09,0.11
2026-05-05,328,"ride","action_words",0,0.01,0.01,0.02,0.01,0.01,0.01,0.04,0.04,0.06,0.07
2026-05-05,329,"run","action_words",0,0.01,0.01,0.02,0.01,0.01,0.01,0.04,0.02,0.07,0.11
2026-05-05,330,"say","action_words",0,0.01,0.01,0.02,0.01,0,0.02,0.04,0.02,0.02,0.03
2026-05-05,331,"see","action_words",0.01,0.01,0.01,0.02,0.02,0.03,0.05,0.09,0.09,0.09,0.1
2026-05-05,332,"show","action_words",0,0.01,0.01,0.01,0.01,0.01,0.02,0.03,0,0.02,0.05
2026-05-05,333,"sing","action_words",0,0,0.01,0.03,0.01,0.01,0.03,0.05,0.04,0.03,0.07
2026-05-05,334,"sleep","action_words",0,0,0.01,0.02,0.01,0.01,0.03,0.05,0.06,0.11,0.11
2026-05-05,335,"smile","action_words",0,0.01,0,0.01,0.02,0,0.01,0.03,0.01,0.04,0.03
2026-05-05,336,"splash","action_words",0,0.01,0,0.02,0,0.01,0.02,0.04,0.05,0.08,0.11
2026-05-05,337,"stop","action_words",0,0.01,0.01,0.02,0.02,0.03,0.03,0.09,0.09,0.12,0.16
2026-05-05,338,"swim","action_words",0,0.01,0.01,0.02,0.01,0,0.01,0.02,0.03,0.04,0.07
2026-05-05,339,"swing (action)","action_words",0,0.01,0,0.02,0.01,0.01,0.02,0.03,0.09,0.07,0.11
2026-05-05,340,"take","action_words",0,0.01,0.01,0.01,0.01,0,0.01,0.03,0.01,0.02,0.02
2026-05-05,341,"throw","action_words",0,0,0.01,0.02,0.01,0.01,0.02,0.05,0.04,0.05,0.07
2026-05-05,342,"tickle","action_words",0.01,0.01,0,0.02,0.01,0.04,0.04,0.11,0.13,0.13,0.18
2026-05-05,343,"touch","action_words",0,0,0,0.02,0.01,0.01,0.02,0.04,0.03,0.05,0.06
2026-05-05,344,"watch (action)","action_words",0,0.01,0.01,0.01,0.01,0,0.01,0.03,0.03,0.02,0.05
2026-05-05,345,"walk","action_words",0,0,0.01,0.02,0.01,0.01,0.02,0.07,0.08,0.12,0.15
2026-05-05,346,"wash","action_words",0,0.01,0,0.02,0.01,0.01,0.02,0.04,0.04,0.08,0.13
2026-05-05,347,"wipe","action_words",0,0,0,0.01,0.01,0,0.01,0.04,0.03,0.04,0.08
2026-05-05,348,"write","action_words",0,0,0,0.01,0.01,0,0.01,0.03,0.01,0.01,0.02
2026-05-05,349,"day","time_words",0,0.01,0.01,0.02,0.01,0.01,0.01,0.02,0.01,0.02,0.03
2026-05-05,350,"later","time_words",0,0.01,0,0.02,0.01,0.01,0.01,0.02,0.01,0.03,0.04
2026-05-05,351,"morning","time_words",0,0,0.01,0.02,0.01,0,0.01,0.05,0.01,0.03,0.04
2026-05-05,352,"night","time_words",0,0,0.03,0.02,0.01,0.02,0.02,0.06,0.06,0.06,0.1
2026-05-05,353,"now","time_words",0.01,0.01,0.02,0.02,0.01,0.01,0.01,0.04,0.03,0.04,0.06
2026-05-05,354,"today","time_words",0,0,0.01,0.01,0.01,0,0.01,0.02,0,0.02,0.03
2026-05-05,355,"tomorrow","time_words",0,0,0.01,0.02,0.01,0,0.01,0.02,0,0.01,0.03
2026-05-05,356,"tonight","time_words",0,0,0.01,0.02,0.01,0.01,0.01,0.02,0.01,0.02,0.02
2026-05-05,357,"all gone","descriptive_words",0.01,0.02,0.03,0.06,0.06,0.1,0.09,0.18,0.32,0.35,0.44
2026-05-05,358,"asleep","descriptive_words",0,0.01,0,0.02,0.01,0.01,0.02,0.03,0.03,0.06,0.09
2026-05-05,359,"bad","descriptive_words",0.01,0.01,0.01,0.03,0.03,0.03,0.03,0.07,0.06,0.08,0.07
2026-05-05,360,"big","descriptive_words",0,0.01,0.01,0.02,0.01,0.01,0.02,0.07,0.07,0.08,0.13
2026-05-05,361,"blue","descriptive_words",0,0.01,0.01,0.01,0.02,0.01,0.03,0.06,0.07,0.11,0.2
2026-05-05,362,"broken","descriptive_words",0,0,0,0.01,0.01,0,0.01,0.03,0.04,0.05,0.09
2026-05-05,363,"careful","descriptive_words",0,0,0,0.02,0.01,0,0.01,0.02,0.02,0.03,0.05
2026-05-05,364,"clean (description)","descriptive_words",0,0.01,0,0.01,0.01,0.01,0.01,0.04,0.04,0.06,0.1
2026-05-05,365,"cold","descriptive_words",0,0.01,0.01,0.01,0.01,0.02,0.03,0.06,0.13,0.13,0.21
2026-05-05,366,"cute","descriptive_words",0,0,0.01,0.01,0.01,0,0.01,0.04,0.03,0.04,0.06
2026-05-05,367,"dark","descriptive_words",0,0.01,0.01,0.01,0.01,0,0.01,0.03,0.03,0.04,0.08
2026-05-05,368,"dirty","descriptive_words",0,0,0,0.02,0.01,0.02,0.02,0.07,0.09,0.11,0.19
2026-05-05,369,"dry (description)","descriptive_words",0,0.01,0,0.02,0.01,0.01,0.01,0.02,0.02,0.03,0.05
2026-05-05,370,"empty","descriptive_words",0,0,0.01,0.01,0.01,0.01,0.02,0.03,0.03,0.05,0.09
2026-05-05,371,"fast","descriptive_words",0,0,0.01,0.02,0.01,0,0.01,0.04,0.01,0.04,0.07
2026-05-05,372,"fine","descriptive_words",0,0,0,0.01,0.01,0,0.01,0.02,0.01,0.01,0.03
2026-05-05,373,"gentle","descriptive_words",0,0,0.01,0.02,0.01,0.01,0.02,0.04,0.03,0.06,0.09
2026-05-05,374,"good","descriptive_words",0.01,0,0.01,0.02,0.02,0.02,0.03,0.05,0.09,0.08,0.1
2026-05-05,375,"happy","descriptive_words",0,0,0.01,0.02,0.02,0.01,0.02,0.06,0.07,0.12,0.19
2026-05-05,376,"hard","descriptive_words",0,0.01,0.01,0.01,0.01,0,0.01,0.03,0.01,0.03,0.02
2026-05-05,377,"hot","descriptive_words",0,0.01,0.03,0.03,0.04,0.09,0.1,0.21,0.4,0.36,0.46
2026-05-05,378,"hungry","descriptive_words",0,0,0,0.02,0.02,0.01,0.02,0.04,0.04,0.07,0.09
2026-05-05,379,"hurt","descriptive_words",0,0,0,0.02,0.01,0.01,0.02,0.03,0.04,0.04,0.07
2026-05-05,380,"little (description)","descriptive_words",0,0.01,0,0.01,0.01,0,0.02,0.02,0.02,0.03,0.05
2026-05-05,381,"naughty","descriptive_words",0,0,0,0.01,0.01,0,0.01,0.03,0,0.01,0.02
2026-05-05,382,"nice","descriptive_words",0,0,0.01,0.01,0.02,0.01,0.02,0.07,0.07,0.06,0.09
2026-05-05,383,"old","descriptive_words",0,0.01,0.01,0.02,0.01,0,0.01,0.02,0,0.01,0.01
2026-05-05,384,"pretty","descriptive_words",0.01,0.01,0,0.02,0.02,0.03,0.03,0.07,0.12,0.08,0.11
2026-05-05,385,"red","descriptive_words",0,0.01,0.01,0.02,0.01,0.01,0.02,0.04,0.04,0.05,0.11
2026-05-05,386,"scared","descriptive_words",0,0,0,0.01,0.01,0,0.01,0.02,0,0.02,0.04
2026-05-05,387,"sick","descriptive_words",0,0.01,0,0.01,0.01,0,0.01,0.03,0.01,0.02,0.03
2026-05-05,388,"sleepy","descriptive_words",0,0.01,0.01,0.01,0.01,0.01,0.01,0.05,0.04,0.05,0.06
2026-05-05,389,"soft","descriptive_words",0.01,0.01,0,0.01,0.01,0.01,0.02,0.03,0.03,0.06,0.05
2026-05-05,390,"thirsty","descriptive_words",0,0.01,0.01,0.02,0.01,0.01,0.01,0.04,0.03,0.05,0.06
2026-05-05,391,"tired","descriptive_words",0,0.01,0.01,0.02,0.01,0,0.02,0.03,0.02,0.05,0.03
2026-05-05,392,"wet","descriptive_words",0.01,0,0,0.01,0.01,0.01,0.02,0.06,0.07,0.09,0.12
2026-05-05,393,"yucky","descriptive_words",0.01,0.01,0.01,0.03,0.03,0.05,0.04,0.08,0.17,0.17,0.22
2026-05-05,394,"his","pronouns",0,0.01,0.01,0.02,0.01,0,0.01,0.02,0.01,0.02,0.03
2026-05-05,395,"her","pronouns",0,0,0.01,0.01,0.01,0,0.01,0.03,0.01,0.03,0.02
2026-05-05,396,"I","pronouns",0.02,0,0.04,0.02,0.02,0.02,0.02,0.06,0.08,0.08,0.07
2026-05-05,397,"it","pronouns",0.02,0.01,0.01,0.02,0.02,0.01,0.02,0.05,0.05,0.04,0.05
2026-05-05,398,"me","pronouns",0.01,0.01,0.02,0.03,0.03,0.03,0.06,0.1,0.14,0.12,0.18
2026-05-05,399,"mine","pronouns",0.02,0.01,0.03,0.02,0.04,0.04,0.07,0.13,0.2,0.21,0.27
2026-05-05,400,"my","pronouns",0.01,0,0.02,0.02,0.02,0.01,0.03,0.07,0.08,0.07,0.11
2026-05-05,401,"that","pronouns",0.01,0.02,0.01,0.04,0.04,0.09,0.08,0.18,0.21,0.14,0.21
2026-05-05,402,"this","pronouns",0,0.01,0.02,0.03,0.02,0.07,0.08,0.16,0.15,0.1,0.19
2026-05-05,403,"you","pronouns",0,0.01,0.02,0.02,0.02,0.02,0.02,0.05,0.06,0.08,0.09
2026-05-05,404,"your","pronouns",0,0.01,0,0.02,0.01,0.01,0.02,0.02,0.01,0.03,0.03
2026-05-05,405,"how","question_words",0,0.01,0.01,0.01,0.01,0,0.01,0.02,0,0.02,0.02
2026-05-05,406,"what","question_words",0,0,0.01,0.03,0.03,0.06,0.05,0.1,0.12,0.1,0.1
2026-05-05,407,"when","question_words",0,0,0,0.02,0.01,0,0.01,0.02,0,0.02,0.02
2026-05-05,408,"where","question_words",0,0,0,0.02,0.01,0.01,0.02,0.03,0.04,0.06,0.07
2026-05-05,409,"who","question_words",0,0,0.01,0.03,0.01,0.01,0.02,0.03,0.03,0.04,0.04
2026-05-05,410,"why","question_words",0,0,0.01,0.01,0.01,0.01,0.02,0.03,0.02,0.03,0.03
2026-05-05,411,"away","locations",0,0,0.01,0.02,0.01,0.01,0.01,0.03,0.02,0.02,0.04
2026-05-05,412,"back","locations",0,0,0.01,0.02,0.01,0.01,0.02,0.03,0.05,0.07,0.11
2026-05-05,413,"down","locations",0,0.01,0.01,0.04,0.03,0.07,0.08,0.15,0.25,0.25,0.33
2026-05-05,414,"in","locations",0,0,0.02,0.01,0.01,0.01,0.02,0.04,0.05,0.09,0.09
2026-05-05,415,"inside","locations",0,0,0.01,0.02,0.01,0,0.01,0.03,0.02,0.05,0.06
2026-05-05,416,"off","locations",0.01,0,0.01,0.02,0.02,0.02,0.03,0.07,0.11,0.14,0.23
2026-05-05,417,"on","locations",0,0,0.01,0.03,0.02,0.02,0.03,0.08,0.11,0.14,0.21
2026-05-05,418,"out","locations",0,0.01,0.01,0.02,0.01,0.03,0.04,0.09,0.17,0.17,0.21
2026-05-05,419,"there","locations",0,0,0.01,0.02,0.01,0.01,0.03,0.04,0.06,0.05,0.1
2026-05-05,420,"under","locations",0,0,0,0.02,0.01,0,0.01,0.02,0.01,0.03,0.04
2026-05-05,421,"up","locations",0.02,0.02,0.04,0.07,0.08,0.11,0.13,0.24,0.33,0.36,0.43
2026-05-05,422,"all","quantifiers",0,0.01,0.01,0.01,0.01,0.01,0.02,0.04,0.05,0.04,0.09
2026-05-05,423,"another","quantifiers",0,0,0,0.02,0.01,0,0.01,0.01,0.01,0.01,0.03
2026-05-05,424,"more","quantifiers",0.01,0.02,0.02,0.06,0.08,0.1,0.15,0.22,0.32,0.42,0.51
2026-05-05,425,"none","quantifiers",0,0.01,0.01,0.02,0.01,0.01,0.02,0.02,0.01,0.03,0.03
2026-05-05,426,"not","quantifiers",0,0,0.01,0.01,0.01,0.01,0.02,0.02,0.01,0.02,0.03
2026-05-05,427,"other","quantifiers",0,0.01,0.01,0.02,0.01,0,0.01,0.01,0,0.02,0.03
2026-05-05,428,"same","quantifiers",0,0.01,0.01,0.02,0.01,0,0.01,0.02,0.01,0.02,0.02
2026-05-05,429,"some","quantifiers",0,0,0.01,0.02,0.02,0.01,0.02,0.04,0.03,0.03,0.04
